id,first_name,last_name,age,city
1,Matthew,Allen,21,Phoenix
2,Shannon,Saunders,22,Los Angeles
3,Darryl,Allen,23,New York
4,Amanda,Sandoval,22,Phoenix
5,Joseph,Green,23,Los Angeles
6,Samantha,Spears,22,Phoenix
7,Dawn,Graham,25,Phoenix
8,Michael,Murray,22,Los Angeles
9,Jason,Edwards,21,Phoenix
10,David,Ochoa,23,Los Angeles
11,Paul,Swanson,21,New York
12,Joseph,Stanley,24,Chicago
13,Jesse,Duran,25,Chicago
14,James,Clayton,21,Chicago
15,Lori,Brown,23,Chicago
16,Bryan,Carey,22,Houston
17,Kyle,Lloyd,25,Houston
18,David,Jackson,24,Phoenix
19,Brenda,Rodriguez,25,Houston
20,Christina,Hansen,23,Houston
21,Chase,Willis,22,Chicago
22,Frank,Alvarez,22,New York
23,Amber,Lopez,22,New York
24,Judy,Potter,23,Los Angeles
25,Joshua,Brown,21,Phoenix
26,Joel,Gomez,22,New York
27,Scott,Osborne,25,Chicago
28,Carolyn,Ortiz,24,Houston
29,Raven,Obrien,21,Houston
30,Albert,Harper,24,Phoenix
31,Stanley,Stone,24,Chicago
32,Laura,Gross,24,Los Angeles
33,Christopher,Ferguson,25,Houston
34,Brittany,Hall,22,Phoenix
35,Maria,Miller,24,New York
36,Laura,Valenzuela,24,New York
37,Jermaine,Sanchez,23,Los Angeles
38,Brandon,Jones,21,New York
39,Selena,Harvey,24,Los Angeles
40,Pamela,Freeman,22,Houston
41,Erin,Clayton,24,Houston
42,Ashley,Hill,25,Los Angeles
43,Michelle,Calderon,25,Phoenix
44,Joseph,Kelly,24,New York
45,John,Taylor,22,Los Angeles
46,Christine,Carpenter,22,New York
47,Michael,Morris,23,Phoenix
48,Michael,Hernandez,22,Los Angeles
49,Theresa,Fitzpatrick,22,Houston
50,Madison,Parrish,23,New York
51,Zachary,Vasquez,25,Chicago
52,Tracey,Cuevas,23,Houston
53,Jeffrey,Gilbert,25,Houston
54,Andrew,Simon,21,Chicago
55,Scott,Mendoza,25,New York
56,Alexis,Stevens,21,Chicago
57,Veronica,Juarez,25,Phoenix
58,Katie,Johnson,24,Houston
59,Gabriella,Ayala,21,New York
60,Renee,Mcdonald,22,New York
61,Paula,Velazquez,23,Houston
62,Karen,Luna,24,Chicago
63,Brenda,Baker,21,Los Angeles
64,Eric,Gardner,22,Houston
65,Tammy,Tran,21,Chicago
66,Grant,Lopez,22,Phoenix
67,Chad,Brewer,25,Chicago
68,Joshua,Powell,23,New York
69,Stacy,Vasquez,23,New York
70,Cathy,Griffin,21,Chicago
71,Melinda,Kelly,25,Los Angeles
72,Erik,Payne,25,Chicago
73,Jacqueline,Bowman,25,Houston
74,James,Lopez,25,Chicago
75,Jennifer,Grimes,22,Los Angeles
76,Elizabeth,Murphy,22,Phoenix
77,Christopher,Hill,23,Houston
78,Mary,Booth,22,Phoenix
79,Herbert,Collins,23,Los Angeles
80,Andrea,Moore,25,Los Angeles
81,Matthew,Church,23,Houston
82,Andrea,Cooper,24,Houston
83,Suzanne,Payne,25,Houston
84,Christina,Walters,22,Chicago
85,William,Nicholson,25,Chicago
86,Catherine,Campbell,22,Los Angeles
87,Travis,Garcia,24,Los Angeles
88,John,Jenkins,21,Chicago
89,Keith,Schultz,23,Chicago
90,Carlos,Valdez,25,Phoenix
91,Bryan,Cooper,24,Houston
92,Cindy,Mcdonald,22,Chicago
93,Gary,Singh,23,Los Angeles
94,George,Hebert,22,Los Angeles
95,Elizabeth,Manning,22,New York
96,Raymond,Rowe,22,Los Angeles
97,Joan,Romero,21,Chicago
98,Derek,Kelly,22,Houston
99,Christina,Brown,21,Houston
100,Amber,Frazier,21,Houston
101,Sara,Duran,22,New York
102,Antonio,Dodson,21,Chicago
103,Denise,Henderson,25,Houston
104,Virginia,Horn,23,Chicago
105,William,Willis,25,Houston
106,Roy,Campbell,25,Phoenix
107,Andrea,Vaughn,21,Los Angeles
108,Christopher,Wiggins,22,Phoenix
109,Erica,Snyder,22,New York
110,Veronica,Smith,21,Los Angeles
111,Jessica,Adams,21,New York
112,William,Gutierrez,24,Houston
113,Justin,Mata,23,Chicago
114,Kyle,Grimes,22,Chicago
115,Donald,Meza,21,Phoenix
116,Phillip,Williams,21,Houston
117,Darren,Giles,24,Los Angeles
118,Donna,Jones,23,Houston
119,Shannon,Steele,23,Phoenix
120,Thomas,Reid,24,Chicago
121,Elaine,Reese,22,Chicago
122,Brandon,Krause,23,Phoenix
123,Lori,Blanchard,23,Chicago
124,Laura,Bridges,25,Houston
125,Javier,Love,24,Los Angeles
126,Michael,Smith,24,New York
127,Glenn,Mitchell,22,Los Angeles
128,Megan,Smith,21,Chicago
129,Robert,Hancock,25,Phoenix
130,Gregory,Melendez,22,Phoenix
131,Mary,Patel,24,Phoenix
132,Becky,Peck,21,Houston
133,Dustin,Vance,21,Houston
134,Chad,James,24,Houston
135,Heather,Estrada,22,Houston
136,Johnathan,Rice,21,Los Angeles
137,Frederick,Hunt,21,Los Angeles
138,Vanessa,Robertson,25,New York
139,Zachary,Black,21,New York
140,Diamond,Flowers,22,New York
141,Kenneth,Medina,25,Chicago
142,Lisa,Johnson,24,Los Angeles
143,Robert,Schmidt,21,Phoenix
144,Ryan,Sanchez,25,Chicago
145,Michael,Bender,22,Chicago
146,Madison,Ramsey,22,Phoenix
147,Andrew,Hall,22,Houston
148,Matthew,Thompson,22,New York
149,Joshua,Williams,21,Chicago
150,Shawn,Nelson,22,Chicago
151,Melissa,Gray,23,Phoenix
152,Kathryn,Bryan,22,Houston
153,John,Spencer,22,Houston
154,Teresa,Riley,23,Chicago
155,Rebecca,Garcia,24,Phoenix
156,Meredith,Watson,21,New York
157,Kristin,Shaffer,21,Phoenix
158,Michael,Morris,24,Houston
159,Douglas,Burns,24,Phoenix
160,Jonathan,Nguyen,25,Chicago
161,Jason,Porter,23,Chicago
162,Michael,Kerr,23,Houston
163,Cynthia,Boyd,25,Chicago
164,Donald,Thomas,24,Phoenix
165,Jeffrey,Vega,24,Phoenix
166,Kevin,Harris,23,Houston
167,Robert,Garza,25,Los Angeles
168,Felicia,Dawson,24,Los Angeles
169,Amy,Riggs,25,Houston
170,Joshua,Bradley,25,New York
171,Veronica,Fleming,24,New York
172,Craig,Burton,22,Los Angeles
173,Vincent,Barnes,22,Houston
174,Christopher,Walker,25,Houston
175,Samantha,Hansen,25,New York
176,Danny,Clark,21,Phoenix
177,Robert,Mora,24,Phoenix
178,Kyle,West,25,Chicago
179,Vanessa,Moreno,25,New York
180,Amber,Mann,23,Los Angeles
181,Haley,Burnett,23,Chicago
182,Richard,Smith,23,New York
183,Christopher,Petersen,24,New York
184,Cody,Hill,23,Houston
185,Samantha,Carpenter,22,Phoenix
186,Paul,Dominguez,21,Chicago
187,Lauren,Goodwin,21,Houston
188,Jacqueline,Palmer,22,Los Angeles
189,Sarah,Frey,25,Chicago
190,Kristin,Mills,25,New York
191,Jorge,Martinez,25,Phoenix
192,Randall,Whitaker,25,Chicago
193,Scott,Hunter,22,Los Angeles
194,James,Perez,21,Los Angeles
195,Garrett,Johnson,24,New York
196,Vicki,Suarez,22,Phoenix
197,Peter,Hall,22,Houston
198,Jason,Brown,25,Phoenix
199,Wanda,Walker,25,Chicago
200,Linda,Lewis,22,Los Angeles
201,Matthew,Morris,24,Los Angeles
202,Jillian,Leach,23,Chicago
203,Paula,Gardner,21,Chicago
204,Allison,Baker,22,Houston
205,Alex,Walsh,24,Los Angeles
206,Nancy,Bolton,25,Chicago
207,Anna,Sharp,22,Chicago
208,Michael,Davenport,22,Chicago
209,Bryan,Fry,21,New York
210,Allison,Harrison,24,Los Angeles
211,Michelle,Lopez,21,Houston
212,Christopher,Lara,25,Chicago
213,Nicholas,Smith,22,Chicago
214,Kara,Lee,21,Los Angeles
215,Brian,Richardson,24,New York
216,Jennifer,Miller,21,Houston
217,Courtney,Mckinney,24,Los Angeles
218,Billy,Thompson,25,New York
219,Raymond,Duran,22,Phoenix
220,Matthew,Benjamin,25,New York
221,Sarah,Smith,21,Chicago
222,Michael,Oconnor,24,Phoenix
223,Linda,Hunter,21,Chicago
224,Cindy,Ward,23,New York
225,John,Hale,21,Phoenix
226,Jason,Adams,21,Los Angeles
227,Jeff,Green,25,Los Angeles
228,Clinton,West,25,New York
229,Meagan,Camacho,25,Los Angeles
230,Ernest,Dodson,22,New York
231,Ronald,Smith,24,Los Angeles
232,Peggy,Singleton,22,Houston
233,Jordan,Chavez,25,Los Angeles
234,Beverly,Hodge,25,Los Angeles
235,Brittany,Edwards,23,Los Angeles
236,Ricardo,Rodriguez,23,Phoenix
237,Laurie,Prince,22,Los Angeles
238,Eric,Thompson,25,Chicago
239,Melissa,Berry,23,Houston
240,Emily,Smith,22,Phoenix
241,Stephen,Rodriguez,24,Phoenix
242,Joyce,Houston,23,New York
243,Jessica,Black,23,Los Angeles
244,Michael,Valdez,22,Los Angeles
245,Alan,Adams,24,Houston
246,Samuel,Bradshaw,24,Houston
247,Caitlin,Oneill,24,Phoenix
248,Sylvia,King,23,Phoenix
249,Richard,Smith,21,Phoenix
250,Jessica,Sanchez,23,Chicago
251,Virginia,Blackwell,23,Phoenix
252,Samantha,Smith,22,Chicago
253,Jill,Brown,22,New York
254,Jennifer,Lara,22,Chicago
255,Kara,Thompson,23,Houston
256,Martin,Rivera,24,New York
257,Jonathan,Foster,23,New York
258,Jenny,Hunt,24,New York
259,Sabrina,Andrews,21,Los Angeles
260,Sharon,Chavez,25,Chicago
261,Claire,Weber,25,New York
262,Karen,Reeves,21,New York
263,John,Schroeder,21,New York
264,Jessica,Jones,21,Los Angeles
265,Michael,Williams,24,Houston
266,Tonya,Frederick,24,Chicago
267,Christine,Kennedy,23,Chicago
268,Samuel,Knight,24,Los Angeles
269,Tracey,Jones,22,Phoenix
270,Nicole,Henry,25,Los Angeles
271,Dustin,Richardson,23,Chicago
272,Michael,Franklin,23,Phoenix
273,Mark,Rodriguez,21,Houston
274,Bryan,Moore,24,Phoenix
275,Miranda,Hernandez,25,Chicago
276,Melinda,Gonzales,24,New York
277,Yolanda,Wells,21,Chicago
278,Gary,Harris,22,Chicago
279,Jessica,Cooper,24,Phoenix
280,Henry,Jones,22,Los Angeles
281,Patricia,Shelton,21,Phoenix
282,Autumn,Miller,24,New York
283,Jonathan,James,24,New York
284,Sara,Clark,23,Phoenix
285,Heather,Hale,21,Houston
286,Jennifer,Benson,25,Los Angeles
287,David,Ramirez,22,Phoenix
288,Robert,Davis,24,Chicago
289,Richard,Burns,24,Houston
290,Connor,Good,21,Houston
291,Steven,Simmons,21,Los Angeles
292,Kayla,Johnson,24,New York
293,Kenneth,Brennan,24,Los Angeles
294,Joshua,Taylor,23,Los Angeles
295,David,Spears,21,Houston
296,Johnathan,Acevedo,21,Houston
297,Brittany,Walsh,25,Los Angeles
298,Gwendolyn,Banks,21,Phoenix
299,Mary,Moore,23,Chicago
300,Sheila,Harvey,21,Los Angeles
301,Daniel,Ponce,22,Los Angeles
302,Kevin,Edwards,25,Phoenix
303,Steven,Fisher,24,Chicago
304,Gerald,Randolph,21,New York
305,Tammy,Kennedy,21,New York
306,Larry,Branch,23,Phoenix
307,Scott,Beck,24,Chicago
308,Ross,Cruz,21,New York
309,Robert,Sanders,25,Chicago
310,Scott,Hensley,22,Phoenix
311,Rachel,Estrada,23,Houston
312,Michelle,Smith,25,Houston
313,Jason,Suarez,25,Chicago
314,Dominique,Chandler,25,Los Angeles
315,Aaron,Martinez,21,New York
316,Benjamin,Buck,25,Phoenix
317,Eric,Perkins,23,Chicago
318,Vicki,Martinez,21,New York
319,Anna,Horton,22,New York
320,Crystal,Moreno,25,Chicago
321,Erin,Merritt,24,Chicago
322,Robert,Wilson,25,Chicago
323,Willie,Perez,25,Phoenix
324,Jean,Harrison,23,Los Angeles
325,Ernest,Smith,25,Los Angeles
326,Holly,Davis,24,New York
327,Samantha,Morris,25,New York
328,Alicia,Brown,24,Los Angeles
329,Erin,Vance,22,New York
330,Kathryn,Howard,24,Los Angeles
331,Daniel,Barker,24,Houston
332,James,Hughes,22,Houston
333,Beth,Adams,25,Houston
334,Rodney,Khan,24,Chicago
335,Scott,Edwards,25,Chicago
336,Molly,Taylor,21,Phoenix
337,Patrick,Escobar,21,Chicago
338,Scott,Strong,25,Houston
339,Christopher,Cox,23,New York
340,Carol,Blackburn,25,Chicago
341,Steven,Harvey,23,New York
342,Tony,Hansen,22,New York
343,Molly,Galvan,21,Houston
344,Jordan,Peterson,24,Houston
345,Pamela,Brown,23,Phoenix
346,Teresa,Garner,25,Phoenix
347,Erika,Santana,23,Los Angeles
348,Todd,Decker,22,Houston
349,Rachel,Wilkinson,21,Los Angeles
350,Terrance,Coleman,24,Phoenix
351,Tristan,Burns,24,Los Angeles
352,Susan,Hamilton,24,Chicago
353,Laura,Terry,22,Houston
354,Jaime,Lewis,24,New York
355,Kyle,Wall,24,Los Angeles
356,Herbert,Davidson,22,Phoenix
357,Pamela,Olson,25,Chicago
358,Richard,Manning,22,Chicago
359,Sara,Ross,22,New York
360,Jose,Hardy,21,New York
361,Eric,Wilkinson,23,Los Angeles
362,Christopher,Pennington,25,Los Angeles
363,Sarah,Jones,24,Chicago
364,Monica,Chan,21,Chicago
365,Brandon,Fernandez,22,Houston
366,Nicholas,Lewis,24,Houston
367,Chelsea,Kennedy,24,Phoenix
368,Rachel,Robinson,24,Chicago
369,Jeremy,Marshall,22,Phoenix
370,Jennifer,Ramirez,22,Chicago
371,Susan,Powell,23,Houston
372,Mark,Palmer,23,Houston
373,Pamela,Moran,24,Chicago
374,Sarah,Garcia,23,Chicago
375,Michael,Wright,23,Chicago
376,Robert,Barrett,24,Houston
377,Connor,Cohen,23,Phoenix
378,Christina,Berg,25,Houston
379,Kimberly,Hamilton,24,Chicago
380,Mary,Combs,25,New York
381,Paul,Lane,24,Houston
382,Clifford,Wells,23,Houston
383,Jared,Lee,22,New York
384,Paul,Washington,22,Chicago
385,Christina,Walker,22,Houston
386,Kimberly,Farmer,22,Phoenix
387,Benjamin,Castro,22,Chicago
388,Travis,Wagner,24,Houston
389,Ricardo,Russell,23,New York
390,Molly,Johnson,23,Houston
391,Kimberly,Harrison,25,Los Angeles
392,Maurice,Taylor,25,Los Angeles
393,Tammy,Oconnor,24,Chicago
394,Shane,Johnson,25,Phoenix
395,Patrick,Perry,24,Houston
396,Elizabeth,Holder,24,Chicago
397,Glenn,Lee,22,New York
398,Justin,Reed,21,Houston
399,Richard,Thompson,23,Phoenix
400,Mary,Tucker,23,Phoenix
401,Gregory,Williams,23,Los Angeles
402,Matthew,Ray,23,Houston
403,James,Galvan,23,New York
404,Keith,Fleming,22,Chicago
405,Crystal,Watson,22,New York
406,Paul,Peterson,23,Los Angeles
407,Gregory,Murray,21,Chicago
408,John,Freeman,22,New York
409,Nathaniel,Stephenson,25,Houston
410,Kevin,Wong,25,New York
411,Whitney,Lawson,21,Houston
412,Ricky,Hahn,23,Phoenix
413,Samantha,King,21,Los Angeles
414,Suzanne,Jacobs,23,New York
415,Raymond,George,25,Phoenix
416,Robert,Hart,23,New York
417,Cynthia,Sanchez,24,Houston
418,Jennifer,Long,24,Chicago
419,Stephen,Leonard,22,Phoenix
420,Haley,Cooper,25,New York
421,Jessica,Johnson,22,Chicago
422,Brandon,Waller,23,Phoenix
423,Johnny,Phillips,25,Chicago
424,Kimberly,Martin,21,Chicago
425,Linda,Munoz,22,Los Angeles
426,Katrina,Molina,22,Chicago
427,Jason,Foley,24,Chicago
428,Richard,Owen,23,Phoenix
429,Victoria,Johnson,24,Phoenix
430,Tiffany,Moore,21,Phoenix
431,Judy,Zavala,21,Houston
432,Stacy,White,23,Los Angeles
433,Wendy,Miller,21,Los Angeles
434,Jessica,Holland,21,Phoenix
435,Jessica,Howard,22,Phoenix
436,Brittany,Green,22,Houston
437,Tammy,Davis,21,Phoenix
438,Sarah,Hall,22,Phoenix
439,Erin,Powell,25,New York
440,Brittany,Brown,25,Phoenix
441,Alexander,Blake,24,Los Angeles
442,Ashlee,Stevenson,25,Houston
443,Eric,Winters,24,Chicago
444,Samantha,Nelson,22,Houston
445,Susan,Cochran,21,Los Angeles
446,Christopher,Stewart,24,Los Angeles
447,Duane,Strong,24,Phoenix
448,Monique,Crawford,22,New York
449,Luke,Gibbs,22,Los Angeles
450,Mark,Keller,23,Los Angeles
451,Nicole,Washington,22,New York
452,Jonathan,Moreno,23,Los Angeles
453,Maria,Powell,25,Los Angeles
454,Anna,Adams,24,Los Angeles
455,Jennifer,Phillips,21,New York
456,Marc,Alexander,22,New York
457,Dustin,Fritz,21,Houston
458,Christopher,Hernandez,23,New York
459,Corey,Roberts,21,Chicago
460,Adam,Banks,22,Los Angeles
461,Dawn,Wilcox,21,Chicago
462,Erika,Christian,24,Houston
463,Sharon,Haynes,23,Chicago
464,Bradley,Rogers,23,Phoenix
465,Ronald,Hayes,23,Phoenix
466,Rachel,Wolf,23,New York
467,Olivia,Williams,21,New York
468,Vanessa,Dorsey,22,Chicago
469,Cesar,Cole,21,Chicago
470,Javier,Carter,23,Houston
471,Gregg,Jenkins,23,New York
472,Bryan,Steele,21,Phoenix
473,Elizabeth,Long,25,Houston
474,Andrea,Mitchell,23,Phoenix
475,Jacob,Elliott,25,Phoenix
476,Sharon,Jones,24,Houston
477,Jesse,Wright,24,Chicago
478,Anthony,Simmons,25,Los Angeles
479,Rachael,Cochran,21,Los Angeles
480,Stacy,King,24,New York
481,Shannon,Swanson,23,Phoenix
482,Matthew,Cooper,24,Los Angeles
483,Brenda,Phillips,23,Phoenix
484,Ashley,White,25,New York
485,Emily,Warner,24,Chicago
486,Pamela,Boyd,23,Phoenix
487,Vicki,Vang,23,Houston
488,Anna,Huber,25,Los Angeles
489,Frank,Johnson,23,Phoenix
490,Steven,Chase,24,New York
491,Laura,Marshall,21,New York
492,Nicholas,Kelly,23,New York
493,Kayla,Reed,24,Los Angeles
494,Linda,Morris,23,Chicago
495,Jamie,Roberts,21,Los Angeles
496,Joseph,Wilson,21,Phoenix
497,Felicia,Peterson,25,Chicago
498,Thomas,Hubbard,25,Los Angeles
499,Kimberly,Hamilton,21,Los Angeles
500,Alisha,Huang,21,Houston
501,Shari,Brown,24,Los Angeles
502,Tyler,Randall,24,Los Angeles
503,Blake,Dickson,25,Phoenix
504,Sarah,Welch,22,Houston
505,Mario,Gilbert,22,Phoenix
506,Karen,Acevedo,22,Los Angeles
507,Joshua,French,24,Phoenix
508,Steven,Snyder,25,Chicago
509,Shannon,Cox,21,Chicago
510,Jennifer,Cross,25,Houston
511,Thomas,Bender,21,Phoenix
512,Mark,Carr,25,Phoenix
513,David,Hodge,25,Houston
514,Vanessa,Reynolds,22,Los Angeles
515,Dennis,Goodman,22,Chicago
516,Desiree,Hayes,21,Chicago
517,Margaret,Rodriguez,21,New York
518,Amanda,Rodriguez,22,New York
519,Jeffrey,Adams,22,Houston
520,Jason,Grant,23,Chicago
521,Mark,Payne,23,Chicago
522,Laurie,Foster,23,Chicago
523,Justin,Lewis,22,Chicago
524,Theresa,Jensen,25,Chicago
525,Joel,Martin,24,Chicago
526,Cathy,Haynes,22,Los Angeles
527,Katherine,Levine,22,Los Angeles
528,Aaron,Gonzalez,21,New York
529,Kimberly,Parks,22,New York
530,Matthew,Ramirez,22,New York
531,Kimberly,Walker,22,Los Angeles
532,Bradley,Wright,23,Houston
533,Michael,Ortiz,25,Los Angeles
534,Rebecca,Garner,23,Chicago
535,Steven,Davis,21,Houston
536,Samantha,Horton,24,Phoenix
537,Nicole,Becker,21,New York
538,Charlotte,Wilkerson,22,Phoenix
539,Sheryl,Henderson,22,Phoenix
540,Lisa,Hernandez,25,Los Angeles
541,Steven,Hodge,24,Los Angeles
542,Deborah,Hayes,25,Chicago
543,Samantha,Hansen,22,New York
544,Frank,Woods,22,Houston
545,Robert,Perry,24,Los Angeles
546,Brent,Rodriguez,22,Los Angeles
547,Nathan,Reynolds,22,Phoenix
548,Todd,Tyler,25,Houston
549,Philip,Garcia,25,Los Angeles
550,Nicole,Underwood,24,Phoenix
551,Colton,Vargas,24,Phoenix
552,Kevin,Powell,22,Chicago
553,Alexandra,Rogers,22,Los Angeles
554,Amanda,Nicholson,22,Phoenix
555,Christopher,Rodriguez,21,Houston
556,Erika,Reeves,23,New York
557,Shannon,Richardson,23,Phoenix
558,Leslie,Gilbert,22,Houston
559,Kimberly,Wright,22,New York
560,Shirley,Peterson,24,Chicago
561,Robert,Thomas,23,Chicago
562,Jennifer,Vance,22,Houston
563,Jonathan,Murphy,25,Phoenix
564,Stacy,Ryan,24,Chicago
565,Crystal,Hammond,22,Houston
566,Alicia,Smith,24,New York
567,Tyler,Boyle,25,Chicago
568,John,Melton,22,Los Angeles
569,Scott,Reid,23,New York
570,Shane,Dennis,23,Houston
571,Michael,Hart,21,Los Angeles
572,Maria,Johnson,25,New York
573,Thomas,Ward,25,New York
574,Jeffrey,Russell,23,Phoenix
575,Yvonne,Grant,25,New York
576,Jillian,Hanson,24,Los Angeles
577,Keith,Cook,25,Phoenix
578,Sarah,Ball,25,Los Angeles
579,Connie,Hanson,23,Phoenix
580,Ashley,Hamilton,21,Houston
581,Leon,Clarke,23,Houston
582,Thomas,Mcgrath,22,Chicago
583,William,Thomas,22,New York
584,Mark,Morales,21,New York
585,Matthew,Anderson,25,Phoenix
586,Alexander,Abbott,22,New York
587,Kelly,Johnson,21,New York
588,Alexander,Moore,24,New York
589,Jonathan,Green,22,Houston
590,Charlene,Thomas,25,New York
591,Mallory,Robinson,22,Los Angeles
592,Victoria,Robertson,25,Phoenix
593,Ricky,Jenkins,21,Houston
594,Jon,Mcclain,25,Phoenix
595,Joseph,Young,23,Phoenix
596,James,Allen,24,New York
597,Nicholas,Gonzalez,22,New York
598,Sarah,Williams,25,Houston
599,Mark,Henderson,22,Chicago
600,Michael,Anderson,25,Phoenix
601,Kimberly,Snyder,22,Chicago
602,Andrea,Schultz,21,Los Angeles
603,Hunter,Crosby,21,Chicago
604,Mark,Thornton,22,Houston
605,Michelle,Blankenship,24,Chicago
606,Joseph,House,23,Los Angeles
607,Daniel,Mitchell,21,Houston
608,Jennifer,Smith,23,Chicago
609,Joy,Crawford,25,Los Angeles
610,Nicole,Allen,25,New York
611,Angela,Francis,21,Houston
612,Theodore,Johnston,22,Chicago
613,Shirley,Allen,21,New York
614,Michael,Harvey,25,Phoenix
615,Judy,Holden,23,Phoenix
616,Elizabeth,Brown,22,New York
617,Cody,Williams,24,Los Angeles
618,Frank,Floyd,21,New York
619,Kathleen,Hale,22,Phoenix
620,Michelle,Lang,24,Phoenix
621,William,Jones,22,Los Angeles
622,Sonia,Garcia,24,Los Angeles
623,Ann,Smith,23,Phoenix
624,Jane,Martin,21,Chicago
625,Riley,Gordon,22,New York
626,Sara,Ellison,24,Phoenix
627,Michael,Mills,23,Houston
628,Jerry,Rodriguez,22,Los Angeles
629,Jaclyn,Watson,25,Los Angeles
630,Kayla,Miller,24,Houston
631,Melissa,Richardson,24,Chicago
632,Peggy,Griffin,23,Houston
633,Daniel,Le,25,New York
634,Corey,Mcbride,23,Phoenix
635,Krista,Ramirez,24,New York
636,Robert,Elliott,21,Chicago
637,Robert,Cook,24,Chicago
638,Kyle,Hall,22,Houston
639,April,Walker,21,Houston
640,Bradley,Ramsey,24,Chicago
641,Andrew,Hill,25,Phoenix
642,Linda,Williams,22,Houston
643,Jacob,Santiago,23,Los Angeles
644,Joshua,Villa,23,Phoenix
645,Zachary,Romero,25,Phoenix
646,Kimberly,Joseph,21,Phoenix
647,Craig,Rose,24,Chicago
648,Mike,Edwards,25,Los Angeles
649,Carla,Drake,23,Chicago
650,Stephanie,Ball,25,Phoenix
651,April,Garcia,21,Chicago
652,Hannah,Mckee,22,Chicago
653,Jessica,Reed,22,Houston
654,David,Johnson,23,Houston
655,Colleen,Wallace,21,Chicago
656,James,Smith,24,Phoenix
657,Joseph,Sharp,23,Chicago
658,Dana,Johnson,21,Houston
659,Emma,Hart,22,Los Angeles
660,Victor,Smith,21,New York
661,Cody,Long,22,Phoenix
662,Lisa,Pena,22,Houston
663,Brandon,Mendez,24,Chicago
664,Lori,King,25,Houston
665,Kevin,Evans,21,New York
666,Robin,Peters,22,New York
667,Brandon,Baker,22,Phoenix
668,Peggy,Pacheco,24,Los Angeles
669,Amy,Gonzalez,23,Houston
670,Matthew,Vega,21,Los Angeles
671,Jeremy,Norris,23,Chicago
672,Aaron,Zhang,23,New York
673,Andrew,Avila,23,Phoenix
674,Stephanie,Benjamin,21,Phoenix
675,Phillip,Peterson,21,Chicago
676,Michelle,Ayala,24,Chicago
677,Kenneth,Sullivan,22,New York
678,Heather,Frey,21,New York
679,Mark,Bond,24,Chicago
680,Ana,Maynard,21,New York
681,Samantha,Nicholson,21,Los Angeles
682,Edwin,Wallace,25,Phoenix
683,Ryan,Mercer,22,Chicago
684,Brittany,Collins,25,Los Angeles
685,Jesse,Cuevas,25,Phoenix
686,James,Fleming,23,Phoenix
687,Robert,Salinas,23,Chicago
688,Jennifer,Gibbs,23,Chicago
689,Edward,Gonzales,25,Chicago
690,Susan,Howard,22,Houston
691,Rhonda,Montgomery,24,New York
692,Veronica,Rodriguez,24,Phoenix
693,Samuel,Zhang,21,New York
694,Christine,Mata,21,New York
695,Jamie,Green,23,Chicago
696,Anthony,Suarez,22,Houston
697,Amy,Hart,25,Houston
698,Edward,Christensen,21,Chicago
699,Daryl,Willis,25,Chicago
700,Michael,Gardner,21,Los Angeles
701,Stephanie,Davis,25,Chicago
702,Lindsay,Espinoza,24,Houston
703,Barbara,Kim,23,Phoenix
704,Rick,Frost,24,Los Angeles
705,William,Sullivan,25,Houston
706,Cindy,Jacobs,22,Chicago
707,Anthony,Adams,22,Chicago
708,Karen,Hernandez,21,Houston
709,Jaime,Kelly,22,Houston
710,Brian,Klein,24,New York
711,Dennis,Johnston,22,Phoenix
712,Emily,Parker,21,Phoenix
713,John,Perez,23,Phoenix
714,Michael,Woods,25,Los Angeles
715,Noah,Stout,23,Los Angeles
716,Rhonda,Carpenter,23,New York
717,Richard,Hurst,23,Los Angeles
718,Michael,Diaz,22,Houston
719,Sherry,Soto,23,Los Angeles
720,Brian,Lowery,21,New York
721,Tony,Scott,23,Phoenix
722,Derek,Hall,25,Phoenix
723,Jessica,Gibson,24,Phoenix
724,James,Barker,22,New York
725,Ryan,Smith,22,Phoenix
726,Amy,Wilson,25,Houston
727,Matthew,Houston,23,Los Angeles
728,Denise,Campos,22,Houston
729,Keith,Schaefer,22,Phoenix
730,Sarah,Owens,25,Los Angeles
731,Susan,Weber,24,Los Angeles
732,Rebecca,Smith,22,Chicago
733,Karl,Hopkins,21,Houston
734,Lori,Henry,25,Phoenix
735,Brandy,Davis,21,Chicago
736,Stacy,Mitchell,21,Phoenix
737,Anthony,Morales,21,Los Angeles
738,Susan,Carter,21,Los Angeles
739,James,Gonzales,24,Phoenix
740,Christopher,Martin,22,Houston
741,Melissa,Neal,21,New York
742,Adam,Jones,21,Chicago
743,Dylan,Hall,24,Chicago
744,Christopher,Malone,23,Los Angeles
745,Katherine,Greene,22,Chicago
746,Tiffany,Jackson,25,Phoenix
747,Donald,Jimenez,22,Chicago
748,Samantha,Ware,21,Chicago
749,Pamela,Bowers,23,New York
750,Amy,Nunez,25,New York
751,Melissa,Brown,22,Los Angeles
752,Rodney,Merritt,22,Los Angeles
753,Kevin,Scott,25,Houston
754,Sharon,Hill,24,Chicago
755,Jacqueline,Leon,25,Houston
756,James,Miller,25,Los Angeles
757,Tracy,Hernandez,24,Los Angeles
758,Charles,Solis,25,New York
759,Patricia,Turner,25,Los Angeles
760,Theresa,Castro,21,New York
761,Amber,Boyd,24,New York
762,Leslie,Garrison,22,Houston
763,Kaitlyn,Davenport,24,Los Angeles
764,Peter,Wolf,23,Los Angeles
765,Gregory,Martin,21,Los Angeles
766,Benjamin,George,24,Chicago
767,Eduardo,Ramirez,23,Chicago
768,Steven,Humphrey,23,Chicago
769,Victoria,Hall,25,Phoenix
770,Brittany,Peterson,24,New York
771,Phyllis,Edwards,23,Houston
772,John,Vargas,21,Los Angeles
773,Sarah,Moore,24,Los Angeles
774,Kent,Robinson,24,Phoenix
775,Diana,Carr,22,New York
776,Adrian,Dalton,24,Houston
777,Mike,Richardson,22,Chicago
778,Jeff,Williams,21,Houston
779,April,Richards,23,New York
780,Lori,Guerra,23,New York
781,Christopher,Butler,21,Phoenix
782,David,Moore,22,Phoenix
783,Michelle,Meyer,23,Phoenix
784,Gina,Lucas,22,New York
785,James,Doyle,24,New York
786,Robert,Bell,22,Phoenix
787,Kyle,Matthews,21,Los Angeles
788,Andrea,Mckay,24,Los Angeles
789,Kristin,Cochran,22,Chicago
790,Melanie,Barajas,25,New York
791,Daniel,Arnold,21,Phoenix
792,Martha,Weaver,22,Phoenix
793,Angela,Berg,21,Chicago
794,Ronald,Berry,22,Phoenix
795,Melissa,Kelly,25,Phoenix
796,Andrea,Barnes,22,Houston
797,Judith,Klein,24,Chicago
798,Sarah,Melton,24,Phoenix
799,Lisa,Stewart,21,Los Angeles
800,Sarah,Griffin,23,Phoenix
801,Valerie,Berry,25,Phoenix
802,Sarah,Carlson,24,New York
803,James,Gardner,24,Chicago
804,Alejandro,Hill,24,New York
805,Kyle,Howell,21,Los Angeles
806,Garrett,Smith,25,Los Angeles
807,Alexandra,Anderson,21,Chicago
808,Justin,Higgins,21,Los Angeles
809,Michelle,Mclean,21,Chicago
810,Eric,Macias,24,Houston
811,Sean,Li,25,Chicago
812,Lynn,Medina,23,Los Angeles
813,Mary,Norris,21,Phoenix
814,Linda,Duke,24,Phoenix
815,Sandy,Lopez,24,New York
816,Emily,Allison,23,Phoenix
817,Samantha,Smith,24,New York
818,Anthony,Santiago,22,Phoenix
819,Evelyn,Walker,22,Chicago
820,Michael,Bates,21,Houston
821,Ashley,Steele,21,Phoenix
822,Rebecca,Jackson,25,Chicago
823,Deanna,Myers,22,Houston
824,Herbert,Davis,24,New York
825,Mario,Burgess,21,Phoenix
826,Bradley,Whitehead,24,Phoenix
827,Jorge,Kramer,23,Houston
828,Mary,Mejia,22,Chicago
829,David,Shah,22,Houston
830,Jay,Johnson,21,Los Angeles
831,Edward,Perry,25,Houston
832,Robert,Mcdonald,22,New York
833,Christopher,Washington,23,Chicago
834,Stephanie,Turner,25,Chicago
835,Sabrina,Brown,24,Houston
836,Bradley,Smith,25,New York
837,Stanley,Larson,22,Houston
838,Kyle,Warren,23,Los Angeles
839,Megan,Torres,23,Chicago
840,Samantha,Wade,25,Phoenix
841,Crystal,Lopez,25,Phoenix
842,Ryan,Gregory,21,Los Angeles
843,John,Hammond,21,Chicago
844,Norma,Rivers,25,Houston
845,Jeremy,Wilson,22,New York
846,Timothy,Oconnor,24,Chicago
847,Stephanie,Erickson,25,Chicago
848,Charles,Sharp,24,Houston
849,Shannon,Scott,24,Houston
850,James,Johnson,25,Houston
851,Kelsey,Hogan,22,New York
852,Whitney,Sanchez,21,Chicago
853,Robert,Reyes,25,Los Angeles
854,Anita,Shields,25,Phoenix
855,Belinda,Stevens,25,New York
856,Lauren,Hill,22,Houston
857,Kimberly,Fischer,21,Houston
858,Linda,Glenn,21,Phoenix
859,Wendy,Brock,22,Phoenix
860,Karen,Brock,22,Los Angeles
861,Mark,Richardson,22,Houston
862,Victoria,Leonard,25,Phoenix
863,Douglas,Brooks,25,New York
864,Daniel,Gomez,23,New York
865,Joseph,Johnson,25,Phoenix
866,Brandon,Blanchard,22,New York
867,Brooke,Carlson,21,Chicago
868,Francisco,Chambers,25,New York
869,Jennifer,Bailey,23,Los Angeles
870,Katelyn,Reeves,23,New York
871,John,Taylor,21,New York
872,Tracie,Phillips,22,New York
873,Joann,Lynch,21,New York
874,Nathan,Brown,23,Houston
875,Barbara,Ruiz,22,Chicago
876,Ronald,Freeman,22,Phoenix
877,Chad,Wilcox,24,Phoenix
878,Elizabeth,Novak,22,Chicago
879,Ronald,Barr,24,Los Angeles
880,Edward,Hayden,25,Houston
881,Jeffrey,Elliott,25,Los Angeles
882,Holly,Smith,24,Los Angeles
883,John,Cook,24,Houston
884,Richard,Rodriguez,23,Phoenix
885,Jason,Wright,24,Chicago
886,Stephanie,Macdonald,21,New York
887,Nicholas,Anderson,25,Phoenix
888,Theresa,Wilson,23,Chicago
889,Patrick,Horn,24,Los Angeles
890,Andrew,Murphy,25,Houston
891,Jason,Phillips,23,Chicago
892,Adam,Herrera,25,Houston
893,Kimberly,Hartman,25,Los Angeles
894,Kyle,Todd,22,Chicago
895,Kristi,Burgess,21,Chicago
896,Lisa,Harris,24,Los Angeles
897,Kenneth,Smith,23,New York
898,Alex,Perez,22,Phoenix
899,Dean,Roberts,21,Los Angeles
900,Candice,Johnston,25,Los Angeles
901,Ronald,Hughes,24,Los Angeles
902,Jay,Sullivan,22,Houston
903,Robert,Mueller,24,Chicago
904,Casey,Solis,22,Phoenix
905,Amy,Andrade,22,New York
906,Tonya,Walker,25,Houston
907,Joshua,Roberts,23,Chicago
908,John,Santiago,25,Los Angeles
909,Shannon,Lewis,25,Phoenix
910,Madison,Williams,23,New York
911,Susan,Contreras,22,Houston
912,Peter,Howard,22,Houston
913,Kelli,Murray,23,Houston
914,Jay,Charles,21,Houston
915,Douglas,Martinez,25,Chicago
916,Kimberly,Allen,25,New York
917,Sarah,Rodriguez,24,New York
918,Michael,Patterson,24,Houston
919,James,Walker,24,Houston
920,Emily,Smith,22,Los Angeles
921,Brian,Duffy,25,Los Angeles
922,Jonathan,Parker,22,Los Angeles
923,David,Houston,25,Phoenix
924,Mary,King,21,New York
925,Christopher,Ruiz,24,Houston
926,Jacob,Byrd,22,Los Angeles
927,Hannah,Barnes,23,Chicago
928,Richard,Curtis,23,Los Angeles
929,Julia,Williams,25,New York
930,Sheena,Whitehead,21,Chicago
931,Mary,Hart,22,New York
932,William,Cooper,23,Chicago
933,Carmen,Carson,23,Houston
934,Mark,Jones,23,Houston
935,Matthew,Lewis,21,Phoenix
936,Adam,Day,23,New York
937,Natalie,Novak,24,Los Angeles
938,Michelle,Harris,23,Houston
939,Spencer,Quinn,22,New York
940,Allison,Hicks,23,Los Angeles
941,Jose,Hartman,24,New York
942,Mark,Sullivan,25,Houston
943,Sarah,Kelly,24,Chicago
944,Martha,Mason,23,Chicago
945,David,Sanchez,23,Los Angeles
946,Jennifer,Curtis,22,New York
947,Jonathan,Schroeder,22,Chicago
948,Brian,Allen,22,New York
949,Trevor,Barnes,24,Los Angeles
950,Nancy,Robinson,22,New York
951,Robert,Dunn,23,Houston
952,Julie,Obrien,23,New York
953,Danielle,Miller,24,New York
954,Lori,Watson,25,Phoenix
955,Brian,Greene,22,Chicago
956,Donna,Cabrera,22,Houston
957,Jennifer,Campos,25,Los Angeles
958,Craig,Jones,22,New York
959,Patrick,Anderson,24,New York
960,Charles,Rocha,25,Chicago
961,Sarah,Olson,21,Houston
962,Joshua,Reed,21,Houston
963,Emily,Martinez,21,Houston
964,Kevin,Wilson,23,Los Angeles
965,Catherine,Brooks,22,Los Angeles
966,Deborah,Morris,22,New York
967,Michael,Schmidt,23,Chicago
968,Cheryl,Patton,22,New York
969,Cassandra,Barton,24,Houston
970,Lauren,Sweeney,24,Chicago
971,Thomas,Martin,23,New York
972,Diana,White,21,Phoenix
973,Andrew,Mitchell,21,New York
974,Edward,Benson,23,Houston
975,Carla,Ray,25,New York
976,Cassandra,Ware,23,Phoenix
977,Michael,Williams,25,Chicago
978,Melvin,Carpenter,24,Chicago
979,Rodney,Miller,25,Houston
980,Christina,Lester,25,Los Angeles
981,Kimberly,Hernandez,23,Los Angeles
982,Vanessa,Silva,23,Chicago
983,Pamela,Anderson,21,Los Angeles
984,Justin,Bray,21,Los Angeles
985,Harry,Parker,25,Los Angeles
986,Melanie,Leon,21,Chicago
987,Katelyn,Nelson,22,New York
988,Daniel,Meza,25,Los Angeles
989,Cory,Huynh,22,Los Angeles
990,Angela,Jones,25,Chicago
991,Allison,Rodgers,24,New York
992,Laura,Gibson,23,Houston
993,Nicholas,Johnston,21,Phoenix
994,Nathan,Owens,21,New York
995,Patrick,Morales,23,Chicago
996,Veronica,Osborn,23,Houston
997,Michael,Snow,23,Chicago
998,Michael,Horn,21,Houston
999,Alexandra,Rodriguez,22,Houston
1000,James,Simmons,21,Houston
1001,Carla,Brown,24,Chicago
1002,Billy,Weeks,21,Houston
1003,Kristy,Fitzpatrick,24,Chicago
1004,Keith,Dickson,21,New York
1005,Michael,Dunn,23,Chicago
1006,Jeffery,Arnold,25,Los Angeles
1007,Michael,Allison,23,Chicago
1008,Mary,Taylor,23,Phoenix
1009,Travis,Brandt,21,Los Angeles
1010,Nathan,Mitchell,25,Chicago
1011,Heather,Owens,22,Phoenix
1012,Karen,Clark,23,Phoenix
1013,Michael,Hanson,22,New York
1014,Paul,Willis,22,Houston
1015,Curtis,Mejia,25,Houston
1016,David,Adams,25,Los Angeles
1017,Frederick,Cooper,25,Phoenix
1018,Douglas,Patrick,24,New York
1019,Amanda,Sweeney,25,Phoenix
1020,Ashley,Thompson,25,Phoenix
1021,Ronald,Smith,25,Phoenix
1022,Loretta,Fleming,22,Los Angeles
1023,Melanie,Smith,21,New York
1024,Christopher,Reynolds,23,New York
1025,Jeremy,Lee,21,Phoenix
1026,Melinda,Dorsey,21,Chicago
1027,Katelyn,Thompson,23,New York
1028,Donald,Jordan,22,Los Angeles
1029,Mark,Myers,25,Houston
1030,Anthony,Curry,24,Houston
1031,Natalie,Simmons,21,New York
1032,Gregory,James,24,Phoenix
1033,Steven,Weaver,25,Houston
1034,Brian,Irwin,24,Los Angeles
1035,Charles,Marquez,22,Los Angeles
1036,Michael,Parrish,22,Chicago
1037,John,Steele,25,Los Angeles
1038,Eddie,Scott,24,New York
1039,Karen,Bullock,23,Phoenix
1040,Rachel,Good,23,Phoenix
1041,Cheyenne,Garcia,25,New York
1042,Nicholas,Thomas,24,Chicago
1043,Kathryn,Goodwin,24,Houston
1044,Sonia,Simmons,23,New York
1045,Mark,Williams,23,Houston
1046,Ronald,Stout,24,Chicago
1047,Samantha,Martin,25,Phoenix
1048,Amber,Smith,25,New York
1049,Melissa,Anderson,24,Chicago
1050,Sergio,Lee,25,New York
1051,Jon,Rangel,21,Los Angeles
1052,Phillip,Moore,23,Phoenix
1053,Marvin,Phillips,22,Houston
1054,Kelly,Skinner,25,Houston
1055,Eric,Christensen,21,Phoenix
1056,Brittany,Herrera,21,Phoenix
1057,Carla,Smith,22,Phoenix
1058,Andrew,Bennett,24,Houston
1059,Kristen,Woodward,23,Houston
1060,Kathryn,Avery,25,Houston
1061,Matthew,Collins,21,Houston
1062,Carol,Lee,22,Houston
1063,Eric,Hansen,23,Chicago
1064,Robert,Smith,23,Los Angeles
1065,Steven,Pratt,22,Chicago
1066,Samantha,Thomas,25,Phoenix
1067,Jeffrey,Nichols,25,Phoenix
1068,Eileen,Sosa,21,Chicago
1069,Katherine,Le,24,Houston
1070,Nathan,Allen,24,Chicago
1071,Stephen,Greene,25,Phoenix
1072,Andrea,Young,22,Houston
1073,Corey,Malone,24,Houston
1074,Sarah,Diaz,25,New York
1075,Teresa,Cannon,22,New York
1076,Amber,King,21,Houston
1077,Karen,Austin,22,Houston
1078,Samantha,Willis,24,Houston
1079,Caleb,Phillips,25,Chicago
1080,Kenneth,Gibson,24,Houston
1081,Jennifer,Pearson,23,Houston
1082,Amy,Woodward,25,Houston
1083,Jeffrey,Hood,21,New York
1084,Nicholas,Rollins,24,Houston
1085,Christopher,Richardson,22,Los Angeles
1086,Charles,Carson,25,New York
1087,Mary,Greene,21,Houston
1088,Peter,Webb,21,New York
1089,Hannah,Wilson,21,Los Angeles
1090,Anthony,Richardson,23,Phoenix
1091,Heather,Hughes,24,New York
1092,Daniel,Ramos,25,Houston
1093,Robert,Lowery,24,Phoenix
1094,Jennifer,Ramirez,25,Chicago
1095,Kimberly,Bowman,25,Los Angeles
1096,David,Dillon,25,Los Angeles
1097,Leslie,Brown,24,Houston
1098,Brenda,Sanders,24,Houston
1099,Micheal,Leach,21,Houston
1100,Brenda,Hudson,21,New York
1101,Preston,Powers,24,New York
1102,Andrea,Adkins,23,New York
1103,Samantha,Petty,21,New York
1104,Jason,Walker,25,Chicago
1105,Carolyn,Barber,25,Houston
1106,Hannah,White,25,New York
1107,Eric,Simmons,23,Chicago
1108,Sarah,Ware,21,Houston
1109,Jennifer,Williams,25,Los Angeles
1110,Adam,Ross,25,Los Angeles
1111,Daniel,Mcknight,21,Houston
1112,Lisa,Brooks,25,Phoenix
1113,Terrance,Christensen,23,Chicago
1114,Heather,Tate,24,Los Angeles
1115,Susan,Taylor,23,Los Angeles
1116,Amber,Green,25,Chicago
1117,Erin,Wilson,23,Phoenix
1118,Krista,Hanson,24,Chicago
1119,Lynn,Baldwin,23,Los Angeles
1120,Kerri,Hopkins,25,Chicago
1121,Angela,Johnston,24,Los Angeles
1122,Mark,Huffman,24,Chicago
1123,David,Vasquez,22,Los Angeles
1124,Eric,Edwards,25,Phoenix
1125,Lawrence,Vincent,22,Phoenix
1126,Craig,David,22,Chicago
1127,Heather,Clark,21,Chicago
1128,Richard,Bailey,25,Phoenix
1129,Alicia,Becker,25,New York
1130,Courtney,Gibson,24,Houston
1131,Nathaniel,Mann,22,New York
1132,Jennifer,Boyer,22,Phoenix
1133,Michael,Johnson,23,Los Angeles
1134,Joseph,Lucas,25,Chicago
1135,Donna,Becker,21,Los Angeles
1136,Brooke,Rios,25,Phoenix
1137,Alicia,Norris,22,Houston
1138,Lisa,Estrada,22,Houston
1139,Matthew,Delacruz,22,Houston
1140,Joseph,Swanson,22,Los Angeles
1141,Douglas,Wilson,23,New York
1142,Crystal,Wall,25,Phoenix
1143,Michael,Morgan,24,Chicago
1144,Sara,Jones,25,Houston
1145,Melanie,Byrd,25,Los Angeles
1146,Michael,Duffy,23,Chicago
1147,David,Perez,25,New York
1148,Amanda,Bradley,24,Los Angeles
1149,Andrea,White,21,Chicago
1150,Sherry,Bell,23,Phoenix
1151,Daniel,Smith,22,New York
1152,Kristina,Brown,21,New York
1153,Jared,Rogers,21,New York
1154,Kathleen,Miller,24,New York
1155,Harold,Henderson,24,New York
1156,Mark,Brown,24,New York
1157,Heather,Davis,25,Houston
1158,Nancy,Jones,21,Phoenix
1159,Victoria,Carroll,24,New York
1160,Danielle,Berry,25,Chicago
1161,Ryan,Stein,22,Chicago
1162,Nicolas,Bishop,23,Houston
1163,Brian,Abbott,24,Phoenix
1164,Andrew,Wheeler,21,Chicago
1165,David,Beard,24,Chicago
1166,Cynthia,Jackson,23,Phoenix
1167,David,Robinson,25,New York
1168,Thomas,Miller,22,New York
1169,Samuel,Sullivan,24,Houston
1170,Lauren,Erickson,25,New York
1171,Jennifer,Hudson,25,Houston
1172,Mary,Anderson,21,New York
1173,Michelle,Morales,21,Houston
1174,Christopher,Cook,21,Los Angeles
1175,Trevor,Anderson,21,Chicago
1176,Michael,Garcia,22,New York
1177,Brandon,Lara,23,Houston
1178,Melvin,Ramirez,21,Chicago
1179,Meredith,Ortega,22,Los Angeles
1180,Betty,Romero,23,Los Angeles
1181,Maria,Clarke,23,Los Angeles
1182,Nancy,Wagner,22,Los Angeles
1183,Cynthia,Hess,24,Los Angeles
1184,Jessica,Bradley,21,New York
1185,Mindy,Hunt,24,Houston
1186,Mark,Brown,24,Phoenix
1187,Amber,Johnston,24,Houston
1188,Kathleen,Perkins,22,Chicago
1189,Andrea,Hammond,24,New York
1190,Brooke,Mendoza,24,Los Angeles
1191,Hayley,Brown,24,Houston
1192,Kimberly,Young,21,Houston
1193,Brandi,Simpson,24,New York
1194,Nancy,Foster,23,Chicago
1195,Tracy,Dunn,25,New York
1196,Danielle,Solomon,24,Chicago
1197,Christopher,May,21,Los Angeles
1198,Adam,Terry,23,New York
1199,Ian,Watson,24,Houston
1200,Marvin,Lawrence,21,Los Angeles
1201,Sheila,Hamilton,23,Phoenix
1202,Phillip,King,25,Houston
1203,Nathan,Estrada,24,Chicago
1204,Jeffrey,Leblanc,24,New York
1205,Mark,Hansen,21,Phoenix
1206,Daniel,Flores,22,Houston
1207,Craig,Sanford,23,Houston
1208,Rebecca,Wells,25,Houston
1209,Michael,Tanner,25,Houston
1210,Elizabeth,Smith,23,Los Angeles
1211,Angelica,Henderson,23,New York
1212,Stanley,Marshall,22,Chicago
1213,Tommy,Blackwell,22,New York
1214,James,Armstrong,24,Chicago
1215,Paula,Houston,24,New York
1216,Kim,Lane,23,Phoenix
1217,Brittany,Bowen,25,Chicago
1218,Angela,Campbell,24,Los Angeles
1219,Jonathan,Mendez,22,Houston
1220,Aaron,Wood,21,Houston
1221,Olivia,Porter,23,Los Angeles
1222,Michael,Williams,22,Los Angeles
1223,Thomas,Hurley,21,New York
1224,Sharon,Schroeder,24,Los Angeles
1225,James,Roberts,22,Houston
1226,Emily,Smith,22,Houston
1227,Timothy,Haynes,21,Los Angeles
1228,Charles,Wood,22,Houston
1229,Diana,Foster,23,Chicago
1230,Justin,Harris,21,Chicago
1231,Sarah,Ferguson,24,Phoenix
1232,Sharon,Lane,25,Chicago
1233,Jose,Hernandez,22,Los Angeles
1234,Ashley,Bishop,22,Chicago
1235,Lisa,Tanner,25,Houston
1236,Paul,Thomas,21,Phoenix
1237,Eric,Murray,24,New York
1238,Mary,Hensley,21,Phoenix
1239,Kevin,Hendrix,24,New York
1240,Natalie,Elliott,25,Houston
1241,Michael,Perkins,23,Phoenix
1242,David,Brown,24,New York
1243,Emma,Wright,25,Phoenix
1244,Norma,Gonzalez,24,Houston
1245,Edward,Carter,24,Houston
1246,Albert,Davis,25,Houston
1247,Elizabeth,Martinez,23,New York
1248,Steven,Johnson,25,New York
1249,Justin,Mcdonald,21,Chicago
1250,Guy,Harris,22,Houston
1251,Lisa,Charles,21,Phoenix
1252,Thomas,Barry,25,Los Angeles
1253,Crystal,Henderson,22,Phoenix
1254,Sara,Little,25,Phoenix
1255,Matthew,Skinner,24,Los Angeles
1256,Billy,Levy,25,Phoenix
1257,Susan,Macias,23,Los Angeles
1258,Bryce,Reyes,25,New York
1259,Brent,Huerta,22,New York
1260,Ricky,Higgins,24,Chicago
1261,Carol,Mccarthy,25,Chicago
1262,Virginia,Lee,23,Phoenix
1263,Michelle,Herrera,22,Phoenix
1264,Jeffery,Myers,24,Los Angeles
1265,Jason,Brown,25,Phoenix
1266,Jerry,Chandler,25,Houston
1267,Meghan,Holmes,23,New York
1268,Linda,Zuniga,21,Houston
1269,Steven,Williams,22,Los Angeles
1270,Jacqueline,Powell,21,Phoenix
1271,Jeffrey,Sharp,22,Houston
1272,William,Brooks,23,Houston
1273,Jonathan,Williams,23,Phoenix
1274,Madison,Jones,23,Chicago
1275,Aaron,Howell,21,Chicago
1276,Tricia,Jackson,25,Houston
1277,Samuel,Parker,22,Chicago
1278,Melissa,Williams,23,Los Angeles
1279,Tracy,Sherman,23,Houston
1280,Jacqueline,Mcmahon,23,Chicago
1281,Carolyn,Lambert,23,Phoenix
1282,Tammy,Harris,25,Los Angeles
1283,Brooke,Miller,23,Chicago
1284,Russell,Richardson,24,Houston
1285,Monica,Nunez,24,Chicago
1286,Charles,Willis,22,Houston
1287,Taylor,Murray,23,Chicago
1288,Michael,Gibson,24,Los Angeles
1289,Meagan,Brown,24,Los Angeles
1290,Karen,Williams,21,New York
1291,Joshua,Fernandez,21,Houston
1292,Christopher,Goodwin,23,Los Angeles
1293,Melissa,Moore,23,Chicago
1294,Jennifer,Henderson,25,Los Angeles
1295,Alan,Allen,21,Chicago
1296,Jerry,Potter,22,Chicago
1297,Olivia,Dean,24,Phoenix
1298,Sarah,Anderson,22,Houston
1299,Victoria,George,23,Phoenix
1300,Matthew,Jones,21,New York
1301,Mary,Johnson,22,Los Angeles
1302,Kimberly,Byrd,21,Phoenix
1303,Rebecca,Nelson,22,Phoenix
1304,Courtney,Barron,21,Los Angeles
1305,Cindy,Cabrera,23,Chicago
1306,Daniel,Edwards,21,Phoenix
1307,Benjamin,Turner,21,Houston
1308,Jeffrey,Mueller,22,Los Angeles
1309,Emily,Olson,23,Phoenix
1310,Karen,Jackson,24,Phoenix
1311,Sara,Hatfield,23,Phoenix
1312,Steven,Bailey,23,Chicago
1313,Jeffrey,Mcdonald,23,New York
1314,Daniel,Anderson,22,Los Angeles
1315,Angela,Conner,23,Phoenix
1316,Carmen,West,22,Houston
1317,Thomas,Perez,21,Houston
1318,Sandra,Bauer,23,Los Angeles
1319,Michael,Poole,22,Los Angeles
1320,Wayne,Garza,23,Phoenix
1321,Jessica,Kerr,25,New York
1322,Annette,Howard,25,New York
1323,Michele,Peterson,23,New York
1324,Steven,Walter,23,New York
1325,Christopher,Kelly,24,Phoenix
1326,Craig,Miller,21,Houston
1327,Vicki,Black,23,Los Angeles
1328,John,Schultz,24,Chicago
1329,Thomas,Martinez,23,Phoenix
1330,Jennifer,Williams,24,New York
1331,Logan,Meyer,22,Houston
1332,Elizabeth,Patel,24,New York
1333,Deborah,Delacruz,22,Houston
1334,Holly,Walton,25,New York
1335,Kevin,Hughes,25,New York
1336,Cassandra,Reese,22,Los Angeles
1337,Courtney,Lopez,25,New York
1338,Jacob,Singh,25,New York
1339,Cheryl,Hammond,23,Chicago
1340,Paul,Brown,23,Phoenix
1341,Christina,Hatfield,25,New York
1342,Ronald,Osborn,24,Chicago
1343,Nicole,White,22,Chicago
1344,Amanda,Anderson,22,New York
1345,Kelli,Sloan,23,Chicago
1346,Warren,Harper,21,Chicago
1347,Sarah,Esparza,22,Phoenix
1348,Jeffery,Smith,23,Phoenix
1349,Phillip,White,23,Phoenix
1350,Brent,Gray,23,Phoenix
1351,Mario,Davis,24,Los Angeles
1352,Joshua,Miller,21,Phoenix
1353,Amanda,Jones,25,New York
1354,Jonathan,Hart,22,Houston
1355,Glen,Jones,25,Chicago
1356,Ariel,Love,23,New York
1357,Thomas,Vasquez,24,Chicago
1358,Catherine,Duncan,25,Houston
1359,Chad,Morris,23,Phoenix
1360,Jacob,Zuniga,21,Chicago
1361,Gina,Christensen,22,Los Angeles
1362,Victoria,Bennett,24,Chicago
1363,Marcia,Johnson,22,Los Angeles
1364,Linda,Adams,25,Houston
1365,Heidi,Davis,23,Houston
1366,Brandon,Allen,24,Phoenix
1367,Amber,Williams,21,Chicago
1368,Xavier,Ford,25,Los Angeles
1369,Joshua,George,25,New York
1370,Tammy,Ruiz,25,New York
1371,Adam,Brown,21,Chicago
1372,Alyssa,Terry,21,New York
1373,Kristie,Myers,25,New York
1374,Brooke,Parsons,24,Chicago
1375,Jennifer,Kelley,23,New York
1376,Thomas,Jones,21,Los Angeles
1377,Daniel,Luna,22,Los Angeles
1378,William,Frazier,25,Phoenix
1379,Henry,Wood,21,Los Angeles
1380,Jacob,Miles,23,Los Angeles
1381,James,Mercado,23,Chicago
1382,Susan,Hoffman,21,Chicago
1383,Patricia,Davis,24,Los Angeles
1384,Mark,Harrell,25,New York
1385,Isaiah,Sparks,23,Houston
1386,Lindsey,Fuentes,22,Los Angeles
1387,Samantha,Gray,22,Los Angeles
1388,Megan,Reyes,25,Phoenix
1389,Mark,Smith,25,Los Angeles
1390,Sheryl,Griffin,23,Houston
1391,James,Cruz,21,New York
1392,Timothy,Booth,24,New York
1393,Bradley,Peterson,22,Chicago
1394,Christian,Gonzales,21,Houston
1395,Kimberly,Carr,21,Chicago
1396,Julie,Miller,21,Houston
1397,Christine,King,23,Los Angeles
1398,Kimberly,Franklin,22,Los Angeles
1399,Thomas,King,21,New York
1400,Nancy,Young,21,Chicago
1401,Robert,Elliott,24,New York
1402,Cynthia,Bell,24,Houston
1403,Willie,Strong,24,Los Angeles
1404,Erin,Sharp,22,Los Angeles
1405,Kathryn,Powell,21,Chicago
1406,Charles,Lin,23,New York
1407,Gerald,Wilson,25,Chicago
1408,Harold,Perkins,25,New York
1409,Donald,Weber,23,Los Angeles
1410,Rodney,Cunningham,24,Phoenix
1411,Derek,Blanchard,22,Houston
1412,David,Moore,22,Houston
1413,Billy,Espinoza,23,Houston
1414,Carmen,Carter,24,Los Angeles
1415,Timothy,Sims,23,Houston
1416,Michael,Thompson,22,Chicago
1417,Rebecca,Houston,23,Houston
1418,Lee,Chavez,22,Chicago
1419,Thomas,Caldwell,22,New York
1420,Michelle,Hart,23,Houston
1421,Megan,Sharp,24,Phoenix
1422,David,Dunn,25,Houston
1423,Haley,Hicks,21,New York
1424,Ronald,Hernandez,21,Houston
1425,David,Bradley,25,Phoenix
1426,Eugene,Kennedy,23,Chicago
1427,Levi,Ellis,22,Phoenix
1428,Joshua,Mitchell,23,Phoenix
1429,Steven,Hart,21,Phoenix
1430,Adam,Schmidt,25,New York
1431,Daniel,Logan,24,Phoenix
1432,Michael,Castillo,24,Chicago
1433,Mary,Pearson,24,Phoenix
1434,Sarah,Smith,23,Phoenix
1435,Paul,Reyes,23,Chicago
1436,Sheila,Ball,22,Houston
1437,Stacy,Conley,23,Los Angeles
1438,Paul,Patterson,22,Los Angeles
1439,Lori,Marquez,21,Chicago
1440,Mark,Moore,25,New York
1441,Beth,White,21,New York
1442,Amber,Contreras,24,Chicago
1443,Sherry,Lynch,22,Chicago
1444,Lori,Solomon,23,Phoenix
1445,Gregory,Holt,25,Los Angeles
1446,Christopher,Wilson,25,New York
1447,Glen,Rogers,21,Los Angeles
1448,Melvin,Ho,22,Houston
1449,Jessica,Butler,21,Houston
1450,Jennifer,White,22,Houston
1451,Michael,Turner,21,Houston
1452,Jason,Patel,22,Phoenix
1453,Tracey,Mitchell,24,Los Angeles
1454,Janet,Gonzalez,25,Phoenix
1455,Michael,Sparks,25,Houston
1456,Dean,Harmon,22,Phoenix
1457,Ryan,Middleton,23,New York
1458,Terri,Rojas,23,Houston
1459,Andrew,Roach,24,Chicago
1460,Anthony,Garcia,25,Houston
1461,Judy,Carroll,22,New York
1462,Jordan,Williams,21,Phoenix
1463,Stephanie,Perez,21,Phoenix
1464,Russell,Robles,22,Chicago
1465,Amanda,Harris,22,Houston
1466,Daniel,Castro,25,Los Angeles
1467,Christopher,Wright,21,New York
1468,Tammy,Moore,21,New York
1469,Joshua,Wilson,24,Los Angeles
1470,Gail,Wilkerson,21,Chicago
1471,Michelle,Newman,21,Los Angeles
1472,Justin,Gardner,21,Chicago
1473,Bradley,Evans,22,Chicago
1474,Charles,Swanson,24,Houston
1475,Jessica,Wong,21,New York
1476,Nicolas,Perez,23,Houston
1477,Charles,Brown,25,Los Angeles
1478,Donald,Warren,22,Phoenix
1479,Ryan,Saunders,24,Phoenix
1480,William,Bauer,25,New York
1481,Mikayla,Turner,22,Houston
1482,Jennifer,Riley,23,New York
1483,Jessica,Baker,25,Chicago
1484,Elizabeth,Moody,21,Los Angeles
1485,Debra,Gutierrez,24,Los Angeles
1486,Wanda,Clark,25,Phoenix
1487,Samuel,Smith,24,New York
1488,Andrew,Cochran,23,Phoenix
1489,Christine,Murphy,23,New York
1490,Danielle,Miller,24,Houston
1491,Brenda,Bryant,22,Los Angeles
1492,Tammy,Griffin,23,Chicago
1493,Latoya,Perry,24,New York
1494,Michael,Phillips,24,Houston
1495,Christina,Wilson,22,Houston
1496,Christopher,Madden,25,Los Angeles
1497,Michael,Atkins,22,Chicago
1498,James,Torres,23,New York
1499,Anthony,Miller,23,Los Angeles
1500,Amy,Diaz,23,Los Angeles
1501,James,Rodriguez,25,Los Angeles
1502,Nancy,Adams,21,Houston
1503,Alicia,Smith,21,Houston
1504,Jerry,Navarro,22,Chicago
1505,Brenda,Herrera,21,Chicago
1506,Ashley,Peterson,24,Phoenix
1507,Marilyn,Nichols,21,Los Angeles
1508,Joe,Juarez,22,Houston
1509,Alexandra,Jimenez,22,Chicago
1510,Jeanne,Moore,23,Chicago
1511,Cynthia,Ray,23,Los Angeles
1512,Yolanda,Hill,24,Los Angeles
1513,Matthew,Kelley,24,Los Angeles
1514,Heidi,Mullins,25,Phoenix
1515,Jill,Brooks,22,Los Angeles
1516,Julian,Pratt,23,Los Angeles
1517,Angela,Bailey,21,New York
1518,Megan,Herrera,22,Chicago
1519,Sara,Barajas,25,Los Angeles
1520,Steven,Miller,25,Los Angeles
1521,Karen,Barr,22,Los Angeles
1522,Andrew,Wilson,24,Chicago
1523,Aaron,Donovan,21,Los Angeles
1524,Debra,Alvarez,21,Chicago
1525,Joy,Shea,21,New York
1526,Brent,Park,23,Houston
1527,Amber,Rice,23,New York
1528,Sarah,Cooper,24,Phoenix
1529,Susan,Greene,21,Houston
1530,Mary,Johns,23,New York
1531,Michelle,Rodriguez,23,New York
1532,Vanessa,Walker,21,Phoenix
1533,Jacob,Lee,22,Phoenix
1534,Billy,Washington,23,Phoenix
1535,Courtney,Edwards,23,New York
1536,Carol,Mills,23,Los Angeles
1537,Latoya,Murray,24,Houston
1538,Summer,Johnson,24,Los Angeles
1539,Karl,Green,25,Chicago
1540,William,Powell,24,Chicago
1541,Michael,Nicholson,21,Los Angeles
1542,Erik,Barnes,21,Los Angeles
1543,Angela,Vasquez,24,Phoenix
1544,Dawn,Lee,21,Houston
1545,Luis,Garrett,21,Phoenix
1546,Hannah,Crane,25,Los Angeles
1547,Brandon,White,24,Chicago
1548,Robert,Peters,22,Phoenix
1549,Michael,Hopkins,21,Los Angeles
1550,Joanne,Mclean,22,New York
1551,Karen,Duncan,21,Houston
1552,Frederick,Burke,22,Los Angeles
1553,Emily,Swanson,24,Los Angeles
1554,Christopher,Rivera,22,New York
1555,April,Byrd,24,Los Angeles
1556,Mark,Shannon,22,Phoenix
1557,Nicholas,Bell,23,Los Angeles
1558,Mary,Rhodes,22,Phoenix
1559,Luke,Johnson,21,Houston
1560,Peter,Miller,22,Phoenix
1561,Anthony,Harrell,24,Los Angeles
1562,Miranda,Wilkinson,24,Los Angeles
1563,Christopher,King,21,Los Angeles
1564,Martin,Mcknight,24,Chicago
1565,Donald,Owens,23,New York
1566,Janet,Riley,23,Chicago
1567,Patrick,Johnson,22,Los Angeles
1568,Kristin,Alvarado,21,Phoenix
1569,Oscar,Moran,25,Los Angeles
1570,Brittany,Wallace,23,Houston
1571,Ryan,Thompson,25,Houston
1572,Joseph,Henderson,23,Houston
1573,Ryan,Barton,24,Chicago
1574,William,Wells,21,Phoenix
1575,Laura,Johnson,21,New York
1576,Kathleen,Taylor,22,Houston
1577,Wendy,Beltran,22,Los Angeles
1578,Cindy,Russell,21,Chicago
1579,Mary,Trujillo,22,Los Angeles
1580,Misty,Perez,21,Chicago
1581,Brent,Shannon,21,Los Angeles
1582,Brooke,Mason,25,Los Angeles
1583,Daniel,Clark,21,New York
1584,Morgan,Obrien,22,Phoenix
1585,Brady,Koch,22,Houston
1586,Andrew,Walter,21,Phoenix
1587,Dawn,Cobb,25,New York
1588,John,Gibbs,24,New York
1589,Benjamin,Krueger,25,Houston
1590,Michelle,Johnson,21,New York
1591,Amanda,Garcia,25,Los Angeles
1592,Andrea,Webb,23,Phoenix
1593,Tina,Lawson,22,Los Angeles
1594,Frank,Freeman,25,Phoenix
1595,Brandy,Harper,24,Chicago
1596,Jesse,Grant,25,Phoenix
1597,Tyler,Newton,23,Chicago
1598,Johnny,Stout,22,Phoenix
1599,Wendy,Moreno,24,Los Angeles
1600,William,Reyes,25,Phoenix
1601,David,Mclean,23,Houston
1602,Jennifer,Thomas,21,Los Angeles
1603,Kimberly,Conley,23,Chicago
1604,Melissa,Nelson,24,Chicago
1605,Joseph,Porter,21,Los Angeles
1606,Troy,Williams,22,Phoenix
1607,Gloria,Gutierrez,24,Houston
1608,Marisa,Morris,24,Los Angeles
1609,Susan,Lopez,21,Phoenix
1610,Michael,Carpenter,24,Chicago
1611,Ashley,Moran,23,Los Angeles
1612,Jane,Rodriguez,21,Phoenix
1613,Erica,Owens,23,Chicago
1614,Brandy,Ryan,24,New York
1615,Kimberly,Malone,23,New York
1616,Melissa,George,25,Chicago
1617,Richard,Barnes,22,Los Angeles
1618,Kimberly,Ray,21,Los Angeles
1619,Richard,Miles,25,Houston
1620,Michael,Johnson,22,Houston
1621,Anthony,Proctor,23,Phoenix
1622,Dustin,Jimenez,22,Los Angeles
1623,Trevor,Wiggins,22,Phoenix
1624,James,Holmes,22,Chicago
1625,Jennifer,Schultz,25,Chicago
1626,Marcus,Deleon,21,Chicago
1627,Anthony,Rubio,25,New York
1628,Emily,Allen,23,Los Angeles
1629,Erik,Malone,24,Los Angeles
1630,Joshua,Turner,25,Los Angeles
1631,Kristin,Brown,23,Chicago
1632,Elizabeth,Holland,21,Chicago
1633,Ryan,Harrell,24,Houston
1634,Nicole,Wolfe,22,Houston
1635,Mitchell,Wilkinson,25,Los Angeles
1636,Todd,Kent,22,Phoenix
1637,David,Evans,25,Phoenix
1638,William,Ray,21,Houston
1639,Kimberly,Johnson,21,Phoenix
1640,Nicholas,Jones,23,Houston
1641,Rachel,Jimenez,21,Los Angeles
1642,Paul,Kim,25,Los Angeles
1643,Madeline,Collins,25,New York
1644,Denise,Kemp,22,Houston
1645,Nicholas,Spears,21,New York
1646,Christine,Cook,23,Houston
1647,Shawn,Greer,23,Phoenix
1648,Karen,Kramer,25,Los Angeles
1649,Anne,Brown,22,Los Angeles
1650,Cody,Hernandez,22,Houston
1651,Samantha,Reese,23,Chicago
1652,Alicia,Byrd,21,New York
1653,Joseph,Hines,21,Phoenix
1654,Michael,Bell,25,New York
1655,Jennifer,Adams,25,New York
1656,Christopher,Ayala,25,Los Angeles
1657,Jason,Wilkinson,25,Los Angeles
1658,Matthew,Martin,23,Phoenix
1659,Amanda,Hall,25,Houston
1660,Alan,Erickson,22,Houston
1661,Corey,Morse,25,New York
1662,Edward,Montoya,25,Los Angeles
1663,Darlene,Thomas,21,Chicago
1664,Ashley,Castillo,22,Chicago
1665,Bradley,Poole,23,Phoenix
1666,Nicole,Thomas,24,Los Angeles
1667,Courtney,Bryan,25,Chicago
1668,Wendy,Hernandez,23,Los Angeles
1669,Jeanne,Palmer,21,Chicago
1670,Daniel,Lynch,24,Phoenix
1671,Rebecca,Schmidt,21,Phoenix
1672,Kevin,Gardner,25,New York
1673,Joel,Williams,22,Chicago
1674,Leah,Acosta,21,Chicago
1675,Mark,Smith,24,Houston
1676,Pamela,Nunez,23,Phoenix
1677,Dustin,Bright,22,Houston
1678,Jenny,Johnson,21,New York
1679,Robert,Richards,22,Los Angeles
1680,Brian,Young,21,Houston
1681,Kevin,Coleman,21,Houston
1682,Michael,Brewer,21,Los Angeles
1683,Michael,Cook,21,Los Angeles
1684,Joshua,Norris,25,Chicago
1685,Michelle,Hamilton,25,New York
1686,Michelle,Foster,25,Chicago
1687,Jennifer,Wilson,22,Houston
1688,Nathan,Copeland,25,Chicago
1689,Heather,Reyes,22,Houston
1690,Joshua,Green,22,Chicago
1691,Stephanie,Hall,23,Chicago
1692,Maria,Todd,24,Houston
1693,Kaitlyn,Freeman,25,Chicago
1694,Sandra,Garcia,22,Chicago
1695,Joshua,Edwards,25,Houston
1696,Andrew,Patterson,24,Los Angeles
1697,Pamela,Gilbert,22,Houston
1698,Carlos,Henry,21,New York
1699,Anthony,Lee,22,Chicago
1700,Elizabeth,Foster,22,Phoenix
1701,Eric,Adams,21,New York
1702,Ariel,Cantrell,21,Chicago
1703,Dean,Cruz,25,Phoenix
1704,Tracy,Morse,24,Chicago
1705,Jodi,Jimenez,22,Los Angeles
1706,Brian,Ortiz,24,Chicago
1707,Christopher,Thompson,22,Chicago
1708,Kevin,Delacruz,24,Chicago
1709,William,Mcintosh,23,Los Angeles
1710,Erin,Gonzalez,25,Houston
1711,Paul,Edwards,21,New York
1712,Jason,Phillips,24,Los Angeles
1713,Jerry,May,24,Los Angeles
1714,Susan,Stephens,23,Los Angeles
1715,Denise,Newman,23,Chicago
1716,Brian,Bell,21,Los Angeles
1717,Peter,Smith,21,Phoenix
1718,Danielle,Curtis,22,Chicago
1719,Joshua,Shepherd,21,Los Angeles
1720,Kimberly,Hunter,22,New York
1721,Christine,Carr,22,Houston
1722,Andrea,Holmes,24,Chicago
1723,Keith,Bentley,22,New York
1724,Christopher,Smith,21,Houston
1725,Mary,Simon,21,Chicago
1726,Tyler,Castaneda,22,New York
1727,Mckenzie,Myers,25,New York
1728,Stephen,Coleman,21,Phoenix
1729,Nathaniel,Allen,25,Phoenix
1730,Jessica,Baker,24,New York
1731,Andrea,Reynolds,21,Phoenix
1732,Eric,Shannon,21,Los Angeles
1733,Jay,Davis,21,Chicago
1734,Emma,Walker,23,Los Angeles
1735,Kristy,Hardy,25,Houston
1736,Martin,Saunders,24,Chicago
1737,Dale,Cooper,23,New York
1738,Stephen,Anthony,23,Houston
1739,Patricia,Murillo,25,Houston
1740,Larry,Barber,23,Chicago
1741,George,Peters,21,Los Angeles
1742,Joshua,Coleman,24,Los Angeles
1743,Jacob,Smith,21,New York
1744,Amber,Johnson,22,Los Angeles
1745,George,Anderson,25,Los Angeles
1746,Megan,Mendoza,25,New York
1747,Kelsey,Kane,23,Chicago
1748,Margaret,Park,25,Houston
1749,Patricia,Carroll,25,Phoenix
1750,Bruce,Hunt,23,Los Angeles
1751,Yesenia,Salazar,24,New York
1752,Sandra,Thomas,22,Phoenix
1753,Emily,Eaton,25,Los Angeles
1754,James,Lopez,24,New York
1755,James,Collins,22,Phoenix
1756,Whitney,Ward,22,Phoenix
1757,Joseph,Cooper,21,Chicago
1758,Patrick,Mack,21,Chicago
1759,Stanley,Bolton,23,Houston
1760,Isaac,Moore,25,Houston
1761,Joseph,Rose,22,Los Angeles
1762,Pamela,Gibson,22,Houston
1763,Kenneth,Baird,24,Los Angeles
1764,Chelsea,Dean,25,Houston
1765,Eric,Wright,22,Chicago
1766,Joshua,Davidson,21,Los Angeles
1767,Amanda,Hull,24,Chicago
1768,Ashley,Barnes,21,Phoenix
1769,John,Fuller,24,Phoenix
1770,Ryan,Gates,21,Los Angeles
1771,Thomas,Curtis,21,Houston
1772,Rachel,Reeves,23,Los Angeles
1773,Virginia,Lopez,22,New York
1774,Renee,Mcdaniel,21,New York
1775,Julian,Riggs,22,Phoenix
1776,David,Edwards,22,New York
1777,Sylvia,Tran,22,Los Angeles
1778,Emily,Castro,25,Phoenix
1779,Annette,Miller,23,New York
1780,Patrick,Long,24,Chicago
1781,Timothy,Soto,21,Phoenix
1782,Anthony,Fletcher,25,Phoenix
1783,Kristy,Woods,24,Phoenix
1784,James,Lane,23,Phoenix
1785,Lindsey,Browning,25,Chicago
1786,Jennifer,King,21,Houston
1787,Matthew,Acevedo,25,Chicago
1788,Timothy,Walker,24,Phoenix
1789,Mario,Day,22,Houston
1790,Stephen,Mills,21,Chicago
1791,John,Hill,24,Los Angeles
1792,Jose,Sparks,24,New York
1793,Alisha,Carson,21,New York
1794,Kevin,Jimenez,21,Chicago
1795,Jason,Wood,21,Houston
1796,Kristin,Scott,25,Los Angeles
1797,Megan,Garcia,22,Los Angeles
1798,Haley,Owen,22,Phoenix
1799,Albert,Clark,23,Los Angeles
1800,Terri,Smith,21,Chicago
1801,Matthew,Jackson,22,New York
1802,Elizabeth,Cruz,22,Chicago
1803,Hailey,Wilson,23,Houston
1804,Matthew,Blanchard,24,Phoenix
1805,Steven,Lopez,22,Los Angeles
1806,Cindy,West,21,Chicago
1807,Eric,Smith,23,Houston
1808,Meghan,Bender,23,Los Angeles
1809,Cynthia,Ferguson,22,Chicago
1810,Larry,Paul,22,Los Angeles
1811,Christina,Brown,24,New York
1812,Victoria,Mcfarland,23,Chicago
1813,Tiffany,Watson,23,Phoenix
1814,Samuel,Diaz,21,Chicago
1815,Dylan,Griffin,25,Chicago
1816,Jessica,Sweeney,21,Phoenix
1817,Charles,Baker,25,Phoenix
1818,Alexandria,Griffin,25,Chicago
1819,Michele,Christensen,22,New York
1820,Michelle,Sanchez,22,Houston
1821,Robert,Shaffer,24,Chicago
1822,Stephen,Johnson,22,Houston
1823,Jacob,Duncan,22,Phoenix
1824,Derek,Pineda,23,Los Angeles
1825,Lauren,Horton,23,Chicago
1826,Rhonda,Kim,22,Los Angeles
1827,Jason,Gonzales,23,Chicago
1828,Kevin,Austin,21,Los Angeles
1829,Ronald,George,25,Los Angeles
1830,Cheryl,Middleton,21,Los Angeles
1831,Daniel,Allen,25,Phoenix
1832,Steve,Edwards,24,Chicago
1833,Bethany,Baker,24,New York
1834,Angela,Mccarthy,21,Chicago
1835,Julie,Carey,24,New York
1836,William,Lee,25,New York
1837,Albert,Sullivan,22,Phoenix
1838,Donald,Gilbert,23,Houston
1839,Jodi,Flores,24,New York
1840,Michele,Riley,23,Houston
1841,Danielle,Martinez,23,Chicago
1842,Angelica,Williams,25,Houston
1843,Courtney,Wilson,22,Phoenix
1844,Sarah,Kelley,25,Los Angeles
1845,Donna,Jones,25,Chicago
1846,Kevin,Kelly,24,Houston
1847,Jacqueline,Lucero,23,Los Angeles
1848,Angelica,Brewer,25,Phoenix
1849,Chris,Adams,23,Los Angeles
1850,Robert,Delacruz,25,Chicago
1851,Michael,Hudson,23,Houston
1852,Rachel,Fernandez,23,New York
1853,Amanda,Ross,23,New York
1854,Johnny,Herman,21,Los Angeles
1855,Tiffany,Adkins,24,Los Angeles
1856,Michele,Martin,23,Chicago
1857,Elizabeth,Lozano,25,Phoenix
1858,Margaret,Douglas,21,Houston
1859,Kimberly,Brown,21,New York
1860,James,Wood,21,Houston
1861,Anthony,Baker,21,Phoenix
1862,Christopher,Harris,24,Phoenix
1863,Robin,Lewis,24,New York
1864,Aaron,Green,23,Chicago
1865,Edwin,Price,21,New York
1866,Patricia,Brown,24,Chicago
1867,Garrett,Ford,21,Phoenix
1868,Todd,Jensen,23,Chicago
1869,Kristie,Collier,24,Los Angeles
1870,Jackie,Jones,25,Los Angeles
1871,Mariah,Pearson,24,Los Angeles
1872,Jennifer,Lopez,23,Houston
1873,Emily,Anderson,25,Houston
1874,Brenda,Decker,24,Phoenix
1875,Natasha,Fox,24,Houston
1876,Steven,Bauer,23,Houston
1877,Steven,Frazier,25,Houston
1878,Daniel,Roberts,22,Phoenix
1879,Joshua,Walker,23,Chicago
1880,Robert,Buckley,25,Los Angeles
1881,Laura,Rodriguez,21,Houston
1882,Wendy,Alvarez,22,Chicago
1883,Brandi,Alvarado,21,New York
1884,Peter,Davis,21,New York
1885,Sean,Robinson,21,New York
1886,Vicki,Raymond,24,Houston
1887,Nicholas,Robinson,22,New York
1888,Nicholas,Buchanan,22,Chicago
1889,Erica,Frost,24,Phoenix
1890,Kenneth,Johnson,25,Chicago
1891,Stanley,Dixon,24,New York
1892,Nathaniel,West,24,Los Angeles
1893,Jason,Rivera,23,Phoenix
1894,Joshua,Duncan,22,New York
1895,Brenda,Williams,22,Phoenix
1896,David,Armstrong,21,New York
1897,Jamie,Lee,25,New York
1898,Jason,Combs,24,Phoenix
1899,Christopher,Mccarthy,24,Chicago
1900,Samantha,Calderon,21,Houston
1901,Theodore,Vasquez,21,New York
1902,James,Bowman,25,Houston
1903,James,Wade,23,Phoenix
1904,Christine,Cervantes,24,Los Angeles
1905,Briana,Lewis,23,Los Angeles
1906,Laura,Lee,22,Phoenix
1907,Terri,Ray,23,Phoenix
1908,Wesley,Miller,21,Phoenix
1909,Stacy,Alexander,25,Houston
1910,Timothy,Walker,25,Los Angeles
1911,Amanda,Blair,22,Houston
1912,Mark,Juarez,23,Houston
1913,Cory,Martinez,23,Phoenix
1914,Michelle,Harris,24,Los Angeles
1915,Michele,Jennings,22,Los Angeles
1916,Terri,Salas,22,Houston
1917,Shannon,Taylor,21,Los Angeles
1918,Sabrina,Perez,24,Phoenix
1919,Courtney,Smith,23,Houston
1920,Benjamin,Burke,25,Los Angeles
1921,John,Baker,22,New York
1922,Jessica,Gonzalez,25,Phoenix
1923,Kathleen,Greer,23,Chicago
1924,Russell,Haley,22,New York
1925,Timothy,Owens,22,Houston
1926,Jonathan,Frazier,21,Los Angeles
1927,Melissa,Kirby,25,New York
1928,Stephanie,Banks,21,Los Angeles
1929,Brian,Stein,23,Phoenix
1930,Jessica,Ochoa,21,Phoenix
1931,Jason,Tucker,21,Chicago
1932,Alison,Watson,23,Phoenix
1933,Emily,King,25,Chicago
1934,David,Cunningham,25,Phoenix
1935,Julie,Jackson,23,Houston
1936,Scott,Terrell,24,New York
1937,Maria,Townsend,25,Phoenix
1938,Kyle,Lee,23,New York
1939,Amber,Price,23,Los Angeles
1940,Sydney,Acevedo,25,Phoenix
1941,Christine,Jones,21,Chicago
1942,Andrew,Perry,23,Phoenix
1943,Alicia,Richmond,22,Chicago
1944,Brenda,Davis,25,New York
1945,Larry,Carter,21,Phoenix
1946,Amy,Brewer,21,Phoenix
1947,Lawrence,Hall,23,Houston
1948,Tasha,Allen,23,New York
1949,Patricia,Lopez,24,Chicago
1950,Chad,Harrell,25,Phoenix
1951,Mark,Hoffman,24,Chicago
1952,John,Potter,21,Chicago
1953,Jason,Dennis,25,New York
1954,Cody,Johnson,21,Chicago
1955,Melissa,Moore,23,Los Angeles
1956,Joseph,Salas,25,New York
1957,Valerie,Ayala,22,Los Angeles
1958,John,Arnold,24,Los Angeles
1959,Crystal,Burns,25,Phoenix
1960,David,Miller,24,Houston
1961,Darlene,Griffith,24,Chicago
1962,Brian,Soto,24,New York
1963,Aaron,King,22,Phoenix
1964,Gregory,Zimmerman,24,Los Angeles
1965,Ivan,Horn,21,Houston
1966,Victor,Stone,23,New York
1967,David,Robbins,21,Phoenix
1968,Joshua,Martinez,21,Houston
1969,Antonio,Johnson,22,Phoenix
1970,Kristin,Yang,22,Los Angeles
1971,Joshua,Jones,25,New York
1972,Dawn,Williams,25,Los Angeles
1973,Donna,Collins,22,New York
1974,Zachary,Martin,22,Los Angeles
1975,Veronica,Davis,22,New York
1976,Victoria,Garza,25,New York
1977,Ashley,Walton,24,Chicago
1978,Angela,Taylor,25,Los Angeles
1979,Bradley,King,23,New York
1980,Gene,Whitaker,22,Los Angeles
1981,Matthew,Lee,21,Phoenix
1982,Jonathan,Williams,22,Chicago
1983,Christina,Saunders,21,Phoenix
1984,Erika,Collins,22,Phoenix
1985,Monique,Williams,23,Chicago
1986,Kristen,Carey,21,Houston
1987,Gabrielle,Mccarthy,21,Los Angeles
1988,Sarah,Clark,23,Chicago
1989,Ryan,Myers,22,New York
1990,Terry,Russell,25,New York
1991,Steven,Ramirez,23,Los Angeles
1992,Ronnie,Stuart,24,Los Angeles
1993,Eddie,Whitney,24,Phoenix
1994,Kim,Nguyen,23,New York
1995,Heather,Jones,24,Phoenix
1996,Anna,White,21,Chicago
1997,Kathleen,Espinoza,21,New York
1998,Erica,Sosa,24,Houston
1999,James,Hopkins,21,Chicago
2000,Brandon,Joyce,22,Chicago
